ID,name,type
348,Axeria,std
290,リリリリ★バーニングナイト,std
485,Falling Roses,std
20,恋愛サーキュレーション,std
27,Love or Lies,std
11836,ビビデバ,dx
11797,バベル,dx
11524,Alice's Suitcase,dx
11834,月光,dx
726,アンノウン・マザーグース,std
781,Seyana. ～何でも言うことを聞いてくれるアカネチャン～,std
741,インビジブル,std
11325,テレキャスタービーボーイ,dx
146,39,std
748,ミラクルペイント,std
11576,Cthugha,dx
515,クノイチでも恋がしたい,std
111772,[X]人マニア,utage
11148,CHAOS,dx
11694,強風オールバック,dx
11771,Chronomia,dx
639,Starlight Dance Floor,std
11399,ツクヨミステップ,dx
11369,廻廻奇譚,dx
11532,ヱデン,dx
11785,てらてら,dx
122,ゴーゴー幽霊船,std
260,LUCIA,std
11362,響け！CHIREI MY WAY!,dx
11209,Grievous Lady,dx
11455,[X],dx
585,Phantasm Brigade,std
10574,Selector,dx
11194,ベノム,dx
11503,Baddest,dx
11223,Heavenly Blast,dx
271,Brand-new Japanesque,std
9,Color My World,std
206,しゅわスパ大作戦☆,std
500,シュガーソングとビターステップ,std
503,イチズレシピ,std
750,初音ミクの激唱,std
420,Change Our MIRAI！,std
29,VICTORY,std
11055,POPPY PAPPY DAY,dx
11292,MEGATON KICK,dx
11421,吾輩よ猫であれ,dx
120227,[r]Garakuta Doll Play,utage
10572,Scream out! -maimai SONIC WASHER Edit-,dx
11758,Radiance,dx
1085,Halcyon,dx
11300,U&iVERSE -銀河鸞翔-,dx
363,Oshama Scramble!,std
1301,華の集落、秋のお届け,std
110631,[逆]KING is BACK!!,utage
11015,一か罰,dx
132,Turn around,std
11605,Bad Apple!! feat.nomico ～五十嵐 撫子 Ver.～,dx
11383,Irresistible,dx
11309,前衛的Landscape,dx
791,ロールプレイングゲーム,std
647,エイリアンエイリアン,std
11318,スピカの天秤,dx
747,えれくとりっく・えんじぇぅ,std
446,GEMINI -M-,std
637,ないせんのうた,std
11226,時計の国のジェミニ,dx
556,夜明けまであと３秒,std
772,FREEDOM DiVE (tpz Overcute Remix),std
374,アンハッピーリフレイン,std
11192,絶対にチョコミントを食べるアオイチャン,dx
11304,Round Round Spinning Around,dx
11499,マーシャル・マキシマイザー,dx
59,PON PON PON,std
11280,トランスダンスアナーキー,dx
11671,Edelweiss,dx
758,INFINITE WORLD,std
323,YATTA!,std
333,GO MY WAY!!,std
114,Space Harrier Main Theme [Reborn],std
11686,Λzure Vixen,dx
11050,Strobe♡Girl,dx
11014,♡マイマイマイラブ♡,dx
11322,うっせぇわ,dx
440,はじめまして地球人さん,std
100,Tell Your World,std
11206,BATTLE NO.1,dx
843,ワンダーラスト,std
11466,群青シグナル,dx
11614,Cry Cry Cry,dx
777,花と、雪と、ドラムンベース。,std
11709,つづみぐさ,dx
907,飛行履歴,std
11118,いつかいい感じにアレしよう,dx
35,炭★坑★節,std
11677,Bloody Trail,dx
10500,シュガーソングとビターステップ,dx
25,Sweets×Sweets,std
696,Still,std
10699,天狗の落とし文 feat. ｙｔｒ,dx
256,いーあるふぁんくらぶ,std
611,宿題が終わらないっ！,std
536,月に叢雲華に風,std
11429,Love's Theme of BADASS ～バッド・アス 愛のテーマ～,dx
11627,インパアフェクシオン・ホワイトガアル,dx
126,つけまつける,std
11180,紅蓮華,dx
11497,アマカミサマ,dx
769,なるとなぎのパーフェクトロックンロール教室,std
360,物凄い勢いでけーねが物凄いうた,std
11407,くらべられっ子,dx
11501,Dive into the ZONe,dx
10319,幻想のサテライト,dx
720,ナンセンス文学,std
100772,[狂]FREEDOM DiVE (tpz Overcute Remix,utage
11237,蒼穹舞楽,dx
11107,最強 the サマータイム!!!!!,dx
403,悪戯,std
11670,のじゃロリック,dx
516,ココロ,std
100456,[蔵]Glorious Crown,utage
603,その群青が愛しかったようだった,std
847,カラフル×メロディ,std
609,SAKURAスキップ,std
662,Sunshine world tour,std
8,True Love Song,std
11695,寝起きヤシの木,dx
11094,ここからはじまるプロローグ。,dx
11109,タテマエと本心の大乱闘,dx
491,ヘタリアン☆ジェット,std
11459,You Mean the World to Me,dx
11519,『んっあっあっ。』,dx
662,Sunshine world tour,std
11048,ナイト・オブ・ナイツ (Cranky Remix),dx
11266,キラメキ居残り大戦争,dx
11119,I'm with you,dx
387,FUJIN Rumble,std
803,Schwarzschild,std
775,ジンギスカン,std
10690,ダンスロボットダンス,std
11371,アイドル新鋭隊,dx
11599,まにまに,dx
11029,Titania,dx
11234,ほしぞらスペクタクル,dx
11799,いっぱい食べる君が好きだよ,dx
334,THE IDOLM@STER 2nd-mix,std
137,Spin me harder,std
11591,ULTRA SYNERGY MATRIX,dx
263,JUMPIN' JUMPIN',std
219,記憶、記録,std
11251,冬のこもりうた,dx
11488,スカーレット警察のゲットーパトロール24時,dx
457,言ノ葉遊戯,std
11289,ベースラインやってる？笑,dx
67,パンダヒーロー,std
583,Starlight Vision,std
11652,HUMANBORG,dx
169,galaxias!,std
11019,Scarlet Wings,dx
216,Mysterious Destiny,std
18,Love You,std
443,specialist (“Never More” ver.),std
11405,エータ・ベータ・イータ,dx
11650,ずんだもんの朝食　〜目覚ましずんラップ〜,dx
11155,ARAIS,dx
11504,ばかみたい【Taxi Driver Edition】,dx
11792,はげしこの夜 -Psylent Crazy Night-,dx
836,Good Bye, Mr. Jack,std
11208,Cyaegha,dx
11279,ハウリング,dx
645,ホシトハナ,std
61,Beat Of Mind,std
235,火炎地獄,std
11680,Shining Ray ～僕らの絆～,dx
11273,トラフィック・ジャム,dx
827,Lost Princess,std
10202,Grip & Break down !!,std
218,Terminal Storm,std
111359,[奏]アカツキアライヴァル,utage
520,木彫り鯰と右肩ゾンビ,std
121634,[協]青春コンプレックス,utage
410,どういうことなの！？,std
11294,宿星審判,dx
10411,初音ミクの消失,dx
650,Let's Go Away,std
10191,脳漿炸裂ガール,dx
11344,ポッピンキャンディ☆フィーバー！,dx
11355,ラグトレイン,dx
11238,AMABIE,dx
10302,ケロ⑨destiny,dx
11032,CHOCOLATE BOMB!!!!,dx
359,YU-MU,std
11610,Horoscope Express,dx
11302,BLACK SWAN,dx
561,いっしそう電☆舞舞神拳！,std
11075,プナイプナイせんそう,dx
187,ローリンガール,std
10728,POP TEAM EPIC,std
743,アンチクロックワイズ,std
176,Butter-Fly,std
11189,ガランド,dx
344,RIDGE RACER STEPS -GMT remix-,std
11835,はいよろこんで,dx
567,HERA,std
11217,Pretender,dx
643,Excalibur ～Revived resolution～,std
11268,猫猫的宇宙論,dx
11380,パーフェクション,dx
797,Scarlet Lance,std
636,日本の米は世界一,std
11565,Let you DIVE!,dx
11710,サイバーサンダーサイダー,dx
100224,[傾]ウサテイ,utage
11038,新宝島,dx
11269,ラットが死んだnew words,dx
110281,[回]ダブルラリアット,utage
706,シャルル,std
100199,[蛸]チルノのパーフェクトさんすう教室,utage
10535,色は匂へど散りぬるを,dx
11803,MORNINGLOOM,dx
11127,グラーヴェ,dx
11798,お願い！コンコンお稲荷さま,dx
11647,ozma,dx
100548,DETARAME ROCK&ROLL THEORY,utage
841,終点,std
390,Got more raves？,std
11568,INTERNET OVERDOSE,dx
656,未来(ソラ)の歌,std
11588,Complex Mind,dx
544,ゆりゆららららゆるゆり大事件,std
725,砂の惑星 feat. HATSUNE MIKU,std
766,アマノジャクリバース feat. ｙｔｒ,std
11176,Climax,dx
79,SHOW TIME,std
11271,再会,dx
100700,[協]疾走あんさんぶる,utage
11665,RAD DOGS,dx
352,究極焼肉レストラン！お燐の地獄亭！,std
11739,184億回のマルチトニック,dx
11714,匿名M,dx
10193,セツナトリップ,std
11411,エンヴィーベイビー,dx
677,スターナイトスノウ,std
11623,フタタビ,dx
731,妄想感傷代償連盟,std
907,飞行志,std
852,TiamaT:F minor,std
10122,ゴーゴー幽霊船,dx
10181,君の知らない物語,std
106,BAD∞END∞NIGHT,std
11420,Photon Melodies,dx
100712,[蛸]ミラクル・ショッピング,utage
385,Ignis Danse,std
11806,Fraq,dx
853,前前前世,std
111325,[奏]テレキャスタービーボーイ,utage
834,PANDORA PARADOXXX,std
459,幾四音-Ixion-,std
11742,Ourania,dx
337,鼓動,std
11090,Flashkick,dx
624,KISS CANDY FLAVOR,std
10536,月に叢雲華に風,std
496,AMAZING MIGHTYYYY!!!!,std
11394,World's end loneliness,dx
11769,ずんだパーリナイ,dx
676,好き！雪！本気マジック,std
11307,Yorugao,dx
11088,39みゅーじっく！,dx
576,H-A-J-I-M-A-R-I-U-T-A-!!,std
45,Choo Choo TRAIN,std
338,リクライム,std
721,Bang Babang Bang!!!,std
10251,Monochrome Rainbow,dx
630,曖昧mind,std
10366,oboro,std
11465,ピリオドサイン,dx
691,アルカリレットウセイ,std
11341,紅星ミゼラブル～廃憶編,dx
710,REVIVER オルタンシア・サーガ -蒼の騎士団- オリジナルVer.,std
11384,HAGAKIRI,dx
23,Crush On You,std
11715,ライアーダンサー,dx
11230,チエルカ／エソテリカ,dx
11426,Mjölnir,dx
11071,東奔西走行進曲,dx
11164,パラボラ,dx
11839,ももいろの鍵,dx
11018,Now or Never,dx
11737,パラドクスイヴ,dx
558,STAIRWAY TO GENERATION,std
10256,いーあるふぁんくらぶ,std
805,片想いサンバ,std
11145,Entrance,dx
11566,Knight Rider,dx
11391,WiPE OUT MEMORIES,dx
11753,宙天,dx
589,Panopticon,std
708,バレリーコ,std
11333,Southern Cross,dx
11637,バグ,dx
11625,GEOMETRIC DANCE,dx
11545,隠密あんみつDX,dx
66,ワールズエンド・ダンスホール,std
40,come again,std
10181,君の知らない物語,dx
11612,Latent Kingdom,dx
11404,See The Light,dx
212,神室雪月花,std
11247,Kiss Me Kiss,dx
203,Help me, ERINNNNNN!!,std
11510,キュートなカノジョ,dx
213,KONNANじゃないっ！,std
796,極圏,std
11660,さよならプリンセス,dx
701,Doll Judgment,std
11435,大輪の魂 (feat. AO, 司芭扶),dx
11621,ふらふらふら、,dx
11728,スティールユー,dx
302,ケロ⑨destiny,std
11256,乙女のルートはひとつじゃない！,dx
83,Urban Crusher [Remix],std
134,Night Fly,std
109,腐れ外道とチョコレゐト,std
11546,地球,dx
10235,火炎地獄,std
11641,Love Kills U,dx
346,オパ! オパ! RACER -GMT mashup-,std
100199,[蛸]チルノのパーフェクトさんすう教室,utage
829,敗北の少年,std
828,アリサのテーマ,std
11361,on the rocks,dx
11039,UNION,dx
11832,きゅびびびびずむ,dx
329,かせげ！ジャリンコヒーロー,std
11573,Final Step!,dx
318,東方スイーツ！～鬼畜姉妹と受難メイド～,std
11477,Ghost Dance,dx
11804,How To Make 音ゲ～曲！,dx
11533,にゃーにゃー冒険譚,dx
347,電車で電車でOPA!OPA!OPA! -GMT mashup-,std
11022,TwisteD! XD,dx
571,Our Wrenally,std
386,Scars of FAUNA,std
100845,怒槌～光吉猛修一部謎～,utage
10146,39,std
11543,モ°ルモ°ル (MZK Skippin' Remix),dx
10501,Daydream café,dx
11663,系ぎて,dx
695,TRUST,std
11458,Rising on the horizon,dx
409,妄想税,std
11308,ヨミビトシラズ,dx
601,きらっせ☆ウッド村ファーム,std
11115,だから僕は音楽を辞めた,dx
11443,8-EM,dx
11691,Ai C,dx
472,アージェントシンメトリー,std
265,Save This World νMIX,std
369,ほとんど違法行為,std
111113,[回]ハム太郎とっとこうた,utage
11479,Hainuwele,dx
125,千本桜,std
121634,[協]青春コンプレックス,utage
11495,銀のめぐり,dx
11170,届かない花束,dx
11179,町かどタンジェント,dx
11135,全力ハッピーライフ,dx
110579,[協]ポップミュージックは僕のもの,utage
110606,[右]The wheel to the right,utage
11167,BIRTH,dx
112,Like the Wind [Reborn],std
10021,コネクト,dx
10420,Change Our MIRAI！,std
826,キミとボクのミライ,std
582,幽闇に目醒めしは,std
11160,Mutation,dx
297,The Great Journey,std
11449,パズルリボン,dx
11396,テリトリーバトル,dx
11602,絶対敵対メチャキライヤー,dx
10185,＊ハロー、プラネット。,std
11490,Random,dx
389,FLOWER,std
10191,脳漿炸裂ガール,std
518,やめろ！聴くな！,std
111634,[協]青春コンプレックス,utage
835,Believe the Rainbow,std
742,彗星ハネムーン,std
11423,BLUE ZONE,dx
11472,Don't Fight The Music,dx
11482,ジレンマ,dx
11517,最強STRONGER,dx
11091,Stardust Memories,dx
11474,MAGNETAR GIRL,dx
11842,Synthesis.,dx
11083,サヨナラチェーンソー,dx
526,brilliant better,std
11236,Last Samurai,dx
11523,ViRTUS,dx
646,名探偵連続殺人事件,std
653,Now Loading!!!!,std
753,Rodeo Machine,std
110793,[疑]ロキ,utage
550,PERFECT HUMAN,std
11163,REAL VOICE,dx
681,Signature,std
11430,オントロジー,dx
247,Danza zandA,std
512,StargazeR,std
11132,表裏一体,dx
11544,VERTeX (rintaro soma deconstructed remix),dx
182,残酷な天使のテーゼ,std
11701,さよならヒストリー,dx
11214,Jörqer,dx
370,naraku within,std
130,FEEL ALIVE,std
11667,にっこり^^調査隊のテーマ,dx
144,air's gravity,std
11141,energy trixxx,dx
838,最終鬼畜妹フランドール・S,std
824,Deep in Abyss,std
11619,KHYMΞXΛ,dx
11529,ツムギボシ,dx
100227,Garakuta Doll Play,utage
424,橙の幻想郷音頭,std
100363,Oshama Scramble!,utage
11212,emomomo,dx
11373,ヒステリックナイトガール,dx
680,Candy Tall Woman,std
127,Get Off of My Way,std
733,Fist Bump,std
11608,NOIZY BOUNCE,dx
532,洗脳,std
11073,アカリがやってきたぞっ,dx
11248,MEGATON BLAST,dx
11471,蜘蛛の糸,dx
10665,チルノのパーフェクトさんすう教室　⑨周年バージョン,std
11051,Destr0yer,dx
10366,oboro,dx
11838,メズマライザー,dx
11684,RondeauX of RagnaroQ,dx
517,東京リアルワールド,std
694,猫祭り,std
316,M.S.S.Planet,std
625,Maxi,std
111363,[片]神々が恋した幻想郷,utage
904,远得要命的爱情,std
11202,物凄いヴァイブスで魔理沙が物凄いラップ,dx
11536,Ether Second,dx
100220,セガサターン起動音[H.][Remix],utage
11759,R'N'R Monsta,dx
11187,乙女解剖,dx
10235,火炎地獄,dx
11473,Catch Me If You Can,dx
11401,コスモポップファンクラブ,dx
11102,封焔の135秒,dx
11342,幻想に咲いた花,dx
11358,インドア系ならトラックメイカー,dx
11793,エイプリルスター,dx
11478,電光石火,dx
11123,スターリースカイ☆パレード,dx
11431,剣を抜け！GCCX MAX,dx
11305,Alcyone,dx
521,ECHO,std
10363,Oshama Scramble!,dx
11600,感情ディシーブ,dx
11659,天使の翼。,dx
11549,Trrricksters!!,dx
581,ねぇ、壊れタ人形ハ何処へ棄テらレるノ？,std
684,もうみんなしねばいいのに,std
531,Prophesy One,std
11200,Paranoia,dx
11807,ウタヒメナイトストーム,dx
767,進捗どうですか？,std
11184,Virtual to LIVE,dx
154,DO RORO DERODERO ON DO RORO,std
11293,LOSE CONTROL,dx
11763,ダーリンダンス,dx
10146,39,dx
11173,トリドリ⇒モリモリ！Lovely fruits☆,dx
11622,シックスプラン,dx
11603,つるぺったん,dx
481,でんでんぱっしょん,std
142,Black Out,std
111557,[蛸]不機嫌なスリーカード,utage
314,Cosmic Magic Shooter,std
709,アウターサイエンス,std
535,色は匂へど散りぬるを,std
10641,Calamity Fortune,dx
458,りばーぶ,std
11,じょいふる,std
615,Paradisus-Paradoxum,std
790,only my railgun,std
400,デッドレッドガールズ,std
141,Nerverakes,std
1081,サンバランド,std
11195,マネマネサイコトロピック,dx
463,FEEL the BEATS,std
11735,ザムザ,dx
253,円舞曲、君に,std
11031,立川浄穢捕物帳,dx
527,ハート・ビート,std
11689,最っ高のエンタメだ!!,dx
11489,田中,dx
308,Back 2 Back,std
11597,ノンブレス・オブリージュ,dx
10728,POP TEAM EPIC,dx
11340,Sweets Time,dx
11526,トノサマビーム,dx
661,CALL HEAVEN!!,std
575,Star☆Glitter,std
11438,Reach For The Stars (Re-Colors),dx
11778,シリウスの輝きのように,dx
11303,星詠みとデスペラード,dx
11451,Transcend Lights,dx
68,オレンジの夏,std
11424,Estahv,dx
10574,Selector,std
11063,目覚めRETURNER,dx
11282,もぺもぺ,dx
76,きみのためなら死ねる,std
11645,トンデモワンダーズ,dx
470,Touch Tap Baby,std
11130,アスヘノBRAVE,dx
1051,Destr0yer,dx
11095,絡めトリック利己ライザー,dx
11636,さくゆいたいそう,dx
492,Jumble Rumble,std
530,高気圧ねこロック,std
408,クローバー♣クラブ,std
438,四次元跳躍機関,std
11765,愛包ダンスホール,dx
673,咲キ誇レ常世ノ華,std
11705,VOLT,dx
11617,POWER OF UNITY,dx
11427,Define,dx
402,ニブンノイチ,std
11317,Limits,dx
11586,PERSONA feat. PANXI,dx
449,すろぉもぉしょん,std
11444,若い力,dx
313,待チ人ハ来ズ。,std
11639,Burn My Soul,dx
467,儚きもの人間,std
816,クレイジークレイジーダンサーズ,std
453,Garden Of The Dragon,std
100422,[覚]LANCE,utage
11281,Re：End of a Dream,dx
10706,シャルル,dx
244,おても☆Yan,std
268,トルコ行進曲 - オワタ＼(^o^)／,std
622,バッド・ダンス・ホール,std
682,人生リセットボタン,std
11630,1000年生きてる,dx
11470,康莊大道,dx
11542,ここからはじまるプロローグ。 (Kanon Remix),dx
327,タカハせ！名人マン,std
281,ダブルラリアット,std
100022,[蔵]In Chaos,utage
11574,The 90's Decision,dx
11454,Tricolor⁂circuS,dx
237,Pixel Voyage,std
11086,だれかの心臓になれたなら,dx
617,オトヒメモリー☆ウタゲーション,std
11084,イカサマライフゲイム,dx
431,Contrapasso -paradiso-,std
11745,氷滅の135小節,dx
11601,ド屑,dx
11583,インターネットサバイバー,dx
751,ガチャガチャきゅ～と・ふぃぎゅ@メイト,std
11452,ホシシズク,dx
11113,ハム太郎とっとこうた,dx
11613,Mystic Parade,dx
10188,天ノ弱,std
10625,Maxi,std
11656,HANIPAGANDA,dx
100998,Oshama Scramble! (Cranky Remix),utage
11367,veil,dx
11704,DUAL ROZES,dx
110532,[奏]洗脳,utage
11453,Rainbow Rush Story,dx
269,裏表ラバーズ,std
11500,秋の未確認生物,dx
311,シアワセうさぎ,std
11539,リフヴェイン,dx
11087,幾望の月,dx
11205,Dive into The Sky ～initialized～,dx
465,スリップフリップ,std
11713,QUATTUORUX,dx
11350,悪魔の踊り方,dx
833,the EmpErroR,std
11262,永遠にゲームで対戦したいキリタン,dx
285,magician's operation,std
771,We Gonna Journey,std
11412,初音天地開闢神話,dx
322,林檎華憐歌,std
11395,Jouez Avec Moi?,dx
11494,ワーワーワールド,dx
111513,[回]回る空うさぎ,utage
413,キャプテン・ムラサのケツアンカー,std
830,立ち入り禁止,std
904,とても遠い愛,std
11151,馬と鹿,dx
343,電車で電車でGO!GO!GO!GC! -GMT remix-,std
689,Credits,std
10411,初音ミクの消失,std
100363,Oshama Scramble!,utage
497,fake!fake!,std
11676,Lunatic Vibes,dx
11047,ジャガーノート,dx
810,サウンド,std
11484,残響散歌,dx
236,ユビキリ,std
270,Outlaw's Lullaby,std
10615,Paradisus-Paradoxum,std
11306,Raven Emperor,dx
282,からくりピエロ,std
675,白い雪のプリンセスは,std
78,マリアをはげませ,std
578,ドキドキDREAM!!!,std
11174,Desperado Waltz,dx
528,Invitation,std
11506,Blank Paper (Prod. TEMPLIME),dx
10475,かくしん的☆めたまるふぉ～ぜっ！,std
10615,Paradisus-Paradoxum,dx
11547,Churros Parlor,dx
38,NIGHT OF FIRE,std
11142,NULCTRL,dx
266,Living Universe,std
573,四月の雨,std
11265,Alice in 冷凍庫,dx
11402,撩乱乙女†無双劇,dx
371,Stand Up!!!!,std
10668,ようこそジャパリパークへ,dx
654,真・ハンサム体操でズンドコホイ,std
11434,Spring of Dreams,dx
226,Blew Moon,std
11243,ハジマリノピアノ,dx
238,Get Happy,std
807,フキゲンワルツ,std
648,My Dearest Song,std
100022,[蔵]In Chaos,utage
11092,My My My,dx
100508,[協]恋愛裁判,utage
11551,STARRED HEART,dx
552,ゴーストルール,std
11175,宛城、炎上！！,dx
11485,フォニイ,dx
11527,enchanted wanderer,dx
111156,[奏]マイオドレ！舞舞タイム,utage
614,夢花火,std
11081,サンバランド,dx
11190,とりあえずアナタがいなくなるまえに,dx
11657,Rush-Hour,dx
627,心象蜃気楼,std
757,Xevel,std
335,The world is all one !!,std
100413,[覚]キャプテン・ムラサのケツアンカー,utage
310,エピクロスの虹はもう見えない,std
262,BREAK YOU!!,std
11727,ラヴィ,dx
100327,[狂]タカハせ！名人マン,utage
11165,Regulus,dx
765,みんなの,std
668,ようこそジャパリパークへ,std
381,B.B.K.K.B.K.K.,std
161,CANDY CANDY,std
11520,独りんぼエンヴィー,dx
11356,なだめスかし Negotiation（TVsize）,dx
406,オルフェ,std
11108,UTAKATA,dx
11756,Resolution,dx
248,Backyun! －悪い女－,std
368,シリウス,std
548,DETARAME ROCK&ROLL THEORY,std
11213,Arty Party,dx
705,Mare Maris,std
11690,Baqeela,dx
10301,患部で止まってすぐ溶ける～狂気の優曇華院,dx
842,WORLD'S END UMBRELLA,std
382,おこちゃま戦争,std
10315,深海少女,std
11089,STEEL TRANSONIC,dx
11283,Sound Chimera,dx
11723,BOOM! BOOM!! BOOM!!!,dx
11618,Energizing Flame,dx
64,教えて!! 魔法のLyric,std
11718,Bad Apple!! feat.nomico (Tetsuya Komuro Remix),dx
11153,Boys O’Clock,dx
418,welcome to maimai!! with マイマイマー,std
11773,転生林檎,dx
11505,れっつ！みらくる☆はーどこあっ！,dx
11632,Play merrily NEO,dx
342,ファンタジーゾーン OPA-OPA! -GMT remix-,std
280,炉心融解,std
264,L'épilogue,std
11833,ゆりかご,dx
102,ダンシング☆サムライ,std
543,終わりなき物語,std
75,天国と地獄,std
312,ってゐ！ ～えいえんてゐVer～,std
70,ジングルベル,std
11349,失敗作少女,dx
133,We Gonna Party,std
11508,アイム・マイヒーロー,dx
840,Imperishable Night 2006 (2016 Refine),std
11498,モンダイナイトリッパー！,dx
401,赤心性：カマトト荒療治,std
11467,Beat Opera op.1,dx
11114,青空のラプソディ,dx
468,ラブリー☆えんじぇる!!,std
612,GO BACK 2 YOUR RAVE,std
11345,どぅーまいべすと！,dx
11250,インフェルノ,dx
11003,でらっくmaimai♪てんてこまい!,dx
11722,Make Up Your World feat. キョンシーのCiちゃん & らっぷびと,dx
166,カルマ,std
425,東方妖々夢 ～the maximum moving about～,std
168,LOVEドッきゅん♥,std
11161,オリフィス,dx
198,カゲロウデイズ,std
495,Hyper Active,std
11611,Party☆People☆Princess,dx
388,きたさいたま2000,std
11585,Sunday Night feat Kanata.N,dx
11264,幽霊東京,dx
11805,リアライズ,dx
448,ありふれたせかいせいふく,std
562,いぇす！ゆゆゆ☆ゆるゆり♪♪,std
11328,デッドマンズバラッド,dx
854,全世界共通リズム感テスト,std
533,Barbed Eye,std
11692,INTERNET YAMERO,dx
547,私の中の幻想的世界観及びその顕現を想起させたある現実での出来事に関する一考察,std
11007,超常マイマイン,dx
11008,Crazy Circle,dx
110227,[J]Garakuta Doll Play,utage
111,Sky High [Reborn],std
11067,CocktaiL,dx
332,アゲアゲアゲイン,std
723,SPICY SWINGY STYLE,std
717,ラブって♡ジュエリー♪えんじぇる☆ブレイク！！,std
11640,with U,dx
11258,電話革命ナイセン,dx
11331,スーパーシンメトリー,dx
110417,[習]ウミユリ海底譚,utage
523,しんでしまうとはなさけない！,std
11779,プラネタリウム・レヴュー,dx
11297,噛み係,dx
10302,ケロ⑨destiny,std
11783,snooze,dx
11419,Caterpillar Song,dx
100305,[星]POP STAR,utage
73,メグメグ☆ファイアーエンドレスナイト,std
111714,[匿]匿名M,utage
100517,[覚]東京リアルワールド,utage
11093,UniTas,dx
11267,ディカディズム,dx
754,Arrival of Tears,std
11558,神っぽいな,dx
735,Session High⤴,std
746,larva,std
30,ネコ日和。,std
46,ルカルカ★ナイトフィーバー,std
11346,春を告げる,dx
11507,In my world (Prod. KOTONOHOUSE),dx
555,GOODMEN,std
111355,[協]ラグトレイン,utage
11321,夜に駆ける,dx
11795,右に曲ガール,dx
11370,さんさーら！,dx
11777,人間が大好きなこわれた妖怪の唄,dx
258,Nyan Cat EX,std
11750,Flashback,dx
844,End Time,std
11823,Zitronectar,dx
539,エテルニタス・ルドロジー,std
1235,VIIIbit Explorer,dx
85,JACKY [Remix],std
111838,[助]メズマライザー,utage
11388,チューリングの跡,dx
10668,ようこそジャパリパークへ,std
756,CYBER Sparks,std
111516,[蔵]Aegleseeker,utage
159,maimaiちゃんのテーマ,std
763,はやくそれになりたい！,std
11183,お願いマッスル,dx
11764,唱,dx
902,麻煩下一位,std
10288,六兆年と一夜物語,dx
11716,バカ通信,dx
209,ココロスキャンのうた,std
11409,うまぴょい伝説,dx
11408,あの世行きのバスに乗ってさらば。,dx
11781,無間嫉妬劇場『666』,dx
11277,Melody！,dx
462,7thSense,std
10593,conflict,dx
11198,アスノヨゾラ哨戒班,dx
11117,異世界かるてっと,dx
11252,God knows...,dx
730,うまるん体操,std
11278,下克上々,dx
110553,[奏]チュルリラ・チュルリラ・ダッダッダ！,utage
649,猛進ソリストライフ！,std
353,shake it!,std
10204,ナイト・オブ・ナイツ,dx
11259,Shiny Smily Story,dx
454,After Burner,std
502,Scatman (Ski Ba Bop Ba Dop Bop),std
11224,Paradisoda,dx
11378,Strive against fate,dx
378,planet dancer,std
11487,EYE,dx
11674,Cider P@rty,dx
24,Sun Dance,std
11571,Lights of Muse,dx
164,READY STEADY GO,std
722,Tic Tac DREAMIN’,std
471,オモイヨシノ,std
11120,オトモダチフィルム,dx
11587,Halfway(>∀<),dx
201,魔理沙は大変なものを盗んでいきました,std
11372,needLe,dx
593,conflict,std
10602,taboo tears you up,dx
11316,We Are Us,dx
100230,CYCLES,utage
11736,プリズム△▽リズム,dx
111222,[光]BREaK! BREaK! BREaK!,utage
11006,P-qoq,dx
11448,ただ選択があった,dx
1103,渦状銀河のシンフォニエッタ,std
436,おじゃま虫,std
11699,新人類,dx
11774,メイトなやつら（FEAT. 天開司, 佐藤ホームズ, あっくん大魔王 & 歌衣メイカ）,dx
189,弱虫モンブラン,std
802,不思議の国のクリスマス,std
822,イロトリドリのメロディ,std
111433,[奏]ヒトガタ,utage
71,マトリョシカ,std
11548,超熊猫的周遊記（ワンダーパンダートラベラー）,dx
143,Fragrance,std
679,Los! Los! Los!,std
11734,壱雫空,dx
81,Rooftop Run: Act1,std
11133,Catch the Wave,dx
11381,デーモンベット,dx
762,このピアノでお前を8759632145回ぶん殴る,std
514,ヘルシーエンド,std
328,言ノ葉カルマ,std
1085,Halcyon,std
11104,ヤミツキ,dx
11721,INFiNiTE ENERZY -Overdoze-,dx
713,Kinda Way,std
11065,Yakumo >>JOINT STRUGGLE (2019 Update),dx
10316,M.S.S.Planet,std
404,響縁,std
11288,Big Daddy,dx
10552,ゴーストルール,dx
11572,tape/stop/night,dx
11433,ヒトガタ,dx
11363,神々が恋した幻想郷,dx
10,LOVE ＆ JOY,std
11254,秒針を噛む,dx
10125,千本桜,std
10193,セツナトリップ,dx
148,サブリナ,std
11672,QuiQ,dx
397,Can Do,std
111597,[息]ノンブレス・オブリージュ,utage
223,夜咄ディセイブ,std
11162,ユメヒバナ,dx
11418,enchanted love,dx
698,fantastic dreamer,std
11125,クレイジー・ビート,dx
749,Ievan Polkka,std
11128,KILLER B,dx
11598,テオ,dx
697,ガヴリールドロップキック,std
738,Brain Power,std
11207,Ether Strike,dx
11204,Sweet Requiem,dx
11447,エゴロック,dx
131,Link,std
375,One Step Ahead,std
11685,ℝ∈Χ LUNATiCA,dx
100327,[狂]タカハせ！名人マン,utage
17,Future,std
49,アイデンティティ,std
22,In Chaos,std
100456,[蔵]Glorious Crown,utage
11432,Princess♂,dx
181,君の知らない物語,std
519,ゆっくりしていってね！！！,std
10256,いーあるふぁんくらぶ,dx
11272,約束,dx
11557,不機嫌なスリーカード,dx
100508,[協]恋愛裁判,utage
11166,ワンダーシャッフェンの法則,dx
11553,Last Kingdom,dx
11638,星界ちゃんと可不ちゃんのおつかい合騒曲,dx
254,Live & Learn,std
832,命ばっかり,std
665,チルノのパーフェクトさんすう教室　⑨周年バージョン,std
111234,[星]ほしぞらスペクタクル,utage
11042,フレ！フレ！ベストフレンズ,dx
700,疾走あんさんぶる,std
11150,ウマイネームイズうまみちゃん,dx
729,にめんせい☆ウラオモテライフ！,std
11712,バラバラ〜仮初レインボーローズ〜,dx
606,The wheel to the right,std
10242,ナミダと流星,std
11122,アンドロイドガール,dx
800,EVERGREEN,std
11004,MAXRAGE,dx
11041,乗ってけ！ジャパリビート,dx
11607,MAGENTA POTION,dx
11791,On your mark (104期 Ver.),dx
11450,YONA YONA DANCE,dx
11648,月面基地,dx
116,ぴぴぱぷぅ！,std
672,MilK,std
631,KING is BACK!!,std
674,Magical Flavor,std
191,脳漿炸裂ガール,std
194,放課後ストライド,std
620,東京レトロ,std
11159,Beautiful Future,dx
10734,ENERGY SYNERGY MATRIX,std
11334,Upshift,dx
488,Lividi,std
11260,ネガティブ進化論,dx
11274,アルティメットセンパイ,dx
11400,folern,dx
482,Party 4U ”holy nite mix”,std
110,Quartet Theme [Reborn],std
100206,[星]しゅわスパ大作戦☆,utage
511,パーフェクト生命,std
11675,勦滅,dx
11193,デリヘル呼んだら君が来た,dx
10117,炎歌 -ほむらうた-,dx
230,CYCLES,std
11324,MOON NIGHTのせいにして,dx
473,ゲラゲラポーのうた,std
752,true my heart -Lovable mix-,std
111069,[協]太陽系デスコ,utage
529,connecting with you,std
10572,Scream out! -maimai SONIC WASHER Edit-,std
704,SPILL OVER COLORS,std
11171,YURUSHITE,dx
11580,解けないように,dx
11374,GIGANTØMAKHIA,dx
11255,タケモトピアノCMソング,dx
670,ドーナツホール,std
11469,"411Ψ892",dx
11313,No Limit RED Force,dx
11570,Shooting Shower～DANCE TIME(シンディ)～,dx
770,あねぺったん,std
11156,マイオドレ！舞舞タイム,dx
524,Hand in Hand,std
737,FestivaLight,std
11343,マツヨイナイトバグ,dx
11757,いちげき！のテーマ,dx
11460,Neon Kingdom,dx
541,華鳥風月,std
147,地上の戦士,std
812,Alea jacta est!,std
476,極上スマイル,std
10044,ハッピーシンセサイザ,dx
200,Bad Apple!! feat.nomico,std
11211,カラッポ・ノンフィクション,dx
11708,カーニバルハッピー,dx
11767,デビルじゃないもん,dx
744,全力☆Summer!,std
140,Sprintrances,std
818,隠然,std
11555,ヒバリ,dx
190,モザイクロール,std
11057,The Gong of Knockout,dx
31,虹と太陽,std
407,LOL -lots of laugh-,std
421,Aiolos,std
136,Streak,std
579,ポップミュージックは僕のもの,std
11509,NightTheater,dx
11631,IMAWANOKIWA,dx
351,MIRROR of MAGIC,std
11446,otorii INNOVATED -[i]3-,dx
553,チュルリラ・チュルリラ・ダッダッダ！,std
138,Lionheart,std
113,YA･DA･YO [Reborn],std
11056,Clattanoia,dx
11241,単一指向性オーバーブルーム,dx
111488,[覚]スカーレット警察のゲットーパトロール24時,utage
298,お嫁にしなさいっ！,std
11584,コンティニュー！ feat. 藍月なくる,dx
11143,アトロポスと最果の探究者,dx
11655,ツギハギスタッカート,dx
11683,The Cursed Doll,dx
11002,Secret Sleuth,dx
759,サドマミホリック,std
11078,quiet room,dx
683,しねばいいのに,std
821,-OutsideR:RequieM-,std
377,おいでよ！妖精の森,std
903,回马枪,std
208,Her Dream Is To Be A Fantastic Sorceress,std
340,恋のヒメヒメぺったんこ,std
432,幸せになれる隠しコマンドがあるらしい,std
11669,エスオーエス,dx
599,踊れオーケストラ,std
11188,絶え間なく藍色,dx
11222,BREaK! BREaK! BREaK!,dx
11137,Witches night,dx
11528,Comet Panto Men!,dx
56,ウッーウッーウマウマ(ﾟ∀ﾟ),std
11554,LAMIA,dx
11766,マツケンサンバⅡ,dx
11290,ALiVE,dx
11483,踊,dx
604,Jumping!!,std
823,奏者はただ背中と提琴で語るのみ,std
11643,天使光輪,dx
11242,みなえをチェック！,dx
100326,コトバ・カラフル,utage
11335,MOBILYS,dx
11698,酔いどれ知らず,dx
831,お気に召すまま,std
11379,sølips,dx
11410,ヴァンパイア,dx
11045,アウトサイダー,dx
11530,VeRForTe αRtE:VEiN,dx
434,フラグメンツ -T.V. maimai edit-,std
10552,ゴーストルール,std
341,二息歩行,std
82,Reach For The Stars,std
11437,三妖精SAY YA!!!,dx
11069,太陽系デスコ,dx
11492,群青讃歌,dx
479,Dragon Night,std
11177,レーイレーイ,dx
11354,春嵐,dx
107,ロミオとシンデレラ,std
787,SHINY DAYS,std
11642,DANGEROOOOUS JUNGLE,dx
110082,[藏]Reach For The Stars,utage
11186,アンクローズ・ヒューマン,dx
538,ひれ伏せ愚民どもっ！,std
251,Monochrome Rainbow,std
11563,キャットラビング,dx
100517,[覚]東京リアルワールド,utage
330,キズナの物語,std
11616,my flow,dx
10641,Calamity Fortune,std
145,Starlight Disco,std
366,oboro,std
788,NOISY LOVE POWER☆,std
778,Conquista Ciela,std
11199,悪戯センセーション,dx
100206,[星]しゅわスパ大作戦☆,utage
11390,OTOGEMA,dx
255,Burning Hearts ～炎のANGEL～,std
336,紅蓮の弓矢,std
288,六兆年と一夜物語,std
11668,PinqPiq (xovevox Remix),dx
566,天火明命,std
11336,ドラゴンエネルギー,dx
11841,Idoratrize World,dx
11800,ピポピポ -People People- feat. ななひら,dx
764,フィクサー,std
906,So long,std
296,明星ロケット,std
484,Luminize,std
903,カービン,std
11064,Little "Sister" Bitch,dx
666,デスパレイト,std
11185,命に嫌われている,dx
157,Natural Flow,std
11360,リモコン,dx
199,チルノのパーフェクトさんすう教室,std
100121,[撫]スイートマジック,utage
1051,Destr0yer,std
100516,[狂]ココロ,utage
11149,Maboroshi,dx
11457,mystique as iris,dx
11462,VSpook!,dx
11746,Divide et impera!,dx
11615,ぽわわん劇場,dx
365,ガラテアの螺旋,std
11562,ロウワー,dx
41,Chu Chu,std
605,7 Girls War,std
11299,NAGAREBOSHI☆ROCKET,dx
10702,WARNING×WARNING×WARNING,std
773,SILENT BLUE,std
10493,Imitation:Loud Lounge,dx
11098,共鳴,dx
11688,まっすぐ→→→ストリーム！,dx
10185,＊ハロー、プラネット。,dx
11225,VANTABLACK RAVER,dx
11235,VIIIbit Explorer,dx
586,永遠のメロディ,std
804,Magical Sound Shower,std
11468,星見草,dx
10690,ダンスロボットダンス,dx
11702,New York Back Raise,dx
572,Scream out! -maimai SONIC WASHER Edit-,std
111388,[即]チューリングの跡,utage
11654,ジェヘナ,dx
11787,迷える音色は恋の唄,dx
21,コネクト,std
11140,Black Lair,dx
11233,Starry Colors,dx
11028,玩具狂奏曲 -終焉-,dx
736,World Vanquisher,std
15,Everyday、カチューシャ,std
1235,VIIIbit Explorer,std
480,HIMITSUスパーク,std
331,Heart Beats,std
299,ロストワンの号哭,std
10420,Change Our MIRAI！,dx
11521,ロータスイーター,dx
309,神々の祈り,std
11620,フェイクフェイス・フェイルセイフ,dx
11664,アルカンシエル,dx
11461,#狂った民族２ PRAVARGYAZOOQA,dx
44,ハッピーシンセサイザ,std
11100,シエルブルーマルシェ,dx
11635,アンダーキッズ,dx
11116,ラブ・ドラマティック feat. 伊原六花,dx
11386,Swift Swing,dx
11106,Valsqotch,dx
584,Club Ibuki in Break All,std
414,若い力 -SEGA HARD GIRLS MIX-,std
411,初音ミクの消失,std
11776,ゆけむり魂温泉 II,dx
100114,[耐]Space Harrier Main Theme [Reborn],utage
10734,ENERGY SYNERGY MATRIX,dx
11436,紅に染まる恋の花,dx
367,Dragoon,std
820,FFT,std
11017,福宿音屋魂音泉,dx
11392,Metamorphosism,dx
786,My First Phone,std
11319,ハードコア・シンドローム,dx
435,願いを呼ぶ季節,std
383,Link,std
11760,勇者,dx
11286,Rush-More,dx
232,Life Feels Good,std
11609,サンバディ！,dx
734,ENERGY SYNERGY MATRIX,std
11219,Prismatic,dx
11052,グリーンライツ・セレナーデ,dx
11311,躯樹の墓守,dx
699,天狗の落とし文 feat. ｙｔｒ,std
358,毒占欲,std
234,End of Twilight,std
11589,DROPS feat. Such,dx
632,Ultranova,std
11782,夢現妄想世界,dx
100308,[傾]Back 2 Back,utage
559,空威張りビヘイビア,std
11552,Y.Y.Y.計画!!!!,dx
10316,M.S.S.Planet,dx
11567,I’m Here (feat. Merry Kirk-Holmes),dx
11780,演劇,dx
504,ふ・れ・ん・ど・し・た・い,std
11541,宵の鳥,dx
11030,BOKUTO,dx
732,LOVE EAST,std
11066,げきオコスティックファイナリアリティぷんぷんマスタースパーク,dx
423,SAVIOR OF SONG,std
592,Sakura Fubuki,std
811,右肩の蝶,std
1081,サンバランド,dx
11741,Cryptarithm,dx
100227,[は]Garakuta Doll Play,utage
11076,未完成人,dx
11534,The Great Banquet,dx
362,BETTER CHOICE,std
120,デコボコ体操第二,std
11134,ソリッド,dx
574,Selector,std
11080,Jump!! Jump!! Jump!!,dx
11481,アニマル,dx
291,ハロ／ハワユ,std
11105,ワードワードワード,dx
326,コトバ・カラフル,std
155,泣き虫O'clock,std
817,【東方ニコカラ】秘神マターラ feat.魂音泉【IOSYS】,std
188,天ノ弱,std
11696,アイドル,dx
11228,星めぐり、果ての君へ。,dx
11382,HECATONCHEIR,dx
11026,TEmPTaTiON,dx
305,POP STAR,std
10593,conflict,std
11126,バイオレンストリガー,dx
451,頓珍漢の宴,std
11010,STARTLINER,dx
688,麒麟,std
11285,MAKE IT FUNKY NOW,dx
11681,DEVOTION,dx
165,リライト,std
11687,MarbleBlue.,dx
11027,アポカリプスに反逆の焔を焚べろ,dx
806,ナイトメア☆パーティーナイト,std
356,1/3の純情な感情,std
293,Our Fighting,std
100230,CYCLES,utage
398,The Other self,std
761,このふざけた素晴らしき世界は、僕の為にある,std
507,キミノヨゾラ哨戒班,std
10535,色は匂へど散りぬるを,std
380,どうしてこうなった,std
546,フォルテシモBELL,std
11043,メルト,dx
509,Just Be Friends,std
469,ひみつをちょーだい,std
11144,六厘歌,dx
779,怒槌,std
321,バラライカ,std
121,スイートマジック,std
252,みんなのマイマイマー,std
228,Dreampainter,std
447,+♂,std
11658,QUEEN,dx
11754,Elemental Ethnic,dx
659,ギリギリ最強あいまいみー！,std
798,セイクリッド　ルイン,std
11502,エナドリおいしいソング,dx
110647,[協]エイリアンエイリアン,utage
11201,絡繰りドール,dx
11227,Xenovcipher,dx
657,オーディエンスを沸かす程度の能力 feat.タイツォン,std
300,Sweet Devil,std
11578,PUPA,dx
101516,[藏]Aegleseeker,utage
11131,深海シティアンダーグラウンド,dx
11493,セカイ,dx
663,ちがう!!!,std
10560,回レ！雪月花,dx
11535,Redemption,dx
11679,Beginning together!,dx
117,炎歌 -ほむらうた-,std
11058,デンパラダイム,dx
494,CITRUS MONSTER,std
11270,阿吽のビーツ,dx
11085,Halcyon,dx
11154,居並ぶ穀物と溜息まじりの運送屋,dx
11034,METEOR,dx
11099,Ututu,dx
152,超絶！Superlative,std
11748,シスターシスター,dx
11480,アノーイング！さんさんウィーク！,dx
11263,KING,dx
11253,おジャ魔女カーニバル!!,dx
11191,明星ギャラクティカ,dx
11129,すーぱーぬこになれんかった,dx
11352,Seize The Day,dx
111429,[爆]Love's Theme of BADASS ～バッド・アス 愛のテーマ～,utage
10128,御旗のもとに,dx
207,時空を超えて久しぶり！,std
11724,Everybody Say HARDCORE TANO*C,dx
11347,泥の分際で私だけの大切を奪おうだなんて,dx
11385,N3V3R G3T OV3R,dx
11310,Trick tear,dx
324,Jack-the-Ripper◆,std
11291,ヒミツCULT,dx
284,むかしむかしのきょうのぼく,std
11730,偉大なる悪魔は実は大天使パトラちゃん様なのだ！,dx
11678,RE:INCARNATED DRAGNER,dx
412,イノコリ先生,std
11441,終焉逃避行,dx
11020,Technicians High,dx
65,ZIGG-ZAGG,std
417,ウミユリ海底譚,std
11037,HOT LIMIT,dx
11700,Freak Out Hr.,dx
642,Justified,std
10422,LANCE,dx
1103,渦状銀河のシンフォニエッタ,dx
192,SPiCa,std
186,イアイア★ナイトオブデザイア,std
184,I ♥,std
10190,モザイクロール,std
10500,シュガーソングとビターステップ,std
11651,あなたは世界の終わりにずんだを食べるのだ,dx
11376,ｉｓｏｐｈｏｔｅ,dx
349,ピーマンたべたら,std
172,女々しくて,std
564,ENJOY POLIS,std
289,みくみくにしてあげる♪【してやんよ】,std
10602,taboo tears you up,std
11525,ピュグマリオンの咒文,dx
850,B.M.S.,std
498,夏にキスしていいですか？,std
11009,STEREOSCAPE,dx
372,ファミリーパーティー,std
11377,パラマウント☆ショータイム！！,dx
10475,かくしん的☆めたまるふぉ～ぜっ！,dx
11364,Lia,
339,DRAGONLADY,std
422,LANCE,std
11124,スロウダウナー,dx
111636,[奏]さくゆいたいそう,utage
10070,ジングルベル,dx
11070,だからパンを焼いたんだ,dx
613,天国と地獄 -言ノ葉リンネ-,std
11596,Vallista,dx
11661,Apollo,dx
11629,熱異常,dx
224,ウサテイ,std
227,Garakuta Doll Play,std
10202,Grip & Break down !!,dx
11743,天蓋,dx
505,ちょちょちょ！ゆるゆり☆かぷりっちょ！！！,std
345,リッジでリッジでGO!GO!GO! -GMT mashup-,std
11831,きゅびずむ,dx
203,Help me, ERINNNNNN!!（Band ver.）,std
1020,Technicians High,dx
11747,地獄,dx
11365,アンビバレンス,dx
11351,ノイローゼ,dx
10145,Starlight Disco,dx
475,かくしん的☆めたまるふぉ～ぜっ！,std
111437,[協]三妖精SAY YA!!!,utage
580,吉原ラメント,std
100524,[協]Hand in Hand,utage
525,ブリキノダンス,std
111715,[嘘]ライアーダンサー,utage
110114,[耐]Space Harrier Main Theme [Reborn],utage
565,生きてるおばけは生きている,std
825,雷切-RAIKIRI-,std
259,ぽっぴっぽー,std
510,ヒビカセ,std
278,レッツゴー!陰陽師,std
101,おちゃめ機能,std
11518,ボッカデラベリタ,dx
587,白ゆき,std
560,回レ！雪月花,std
902,次の方お願いします,std
11514,Lost Desire,dx
241,Cosmic Train,std
11139,wheel,dx
11789,Abstruse Dilemma,dx
794,Money Money,std
11673,IF:U,dx
108,Sweetiex2,std
10665,チルノのパーフェクトさんすう教室　⑨周年バージョン,dx
499,夏祭り,std
11561,おとせサンダー,dx
100018,[協]Love You,utage
793,ロキ,std
115,DADDY MULK -Groove remix-,std
540,泡沫、哀のまほろば,std
11486,ヴィラン,dx
11249,Splash Dance!!,dx
320,最速最高シャッターガール,std
640,妖精村の月誕祭 ～Lunate Elf,std
60,New World,std
153,采配の刻 Power of order,std
442,Signs Of Love (“Never More” ver.),std
11298,トリアージ,dx
80,City Escape: Act1,std
610,リンカーネイション,std
11021,魔ジョ狩リ,dx
11406,愛のシュプリーム！,dx
11822,Supersonic Generation,dx
239,System “Z”,std
11061,アマツキツネ,dx
10070,ジングルベル,std
437,Yet Another ”drizzly rain”,std
568,分からない,std
11711,おくすり飲んで寝よう,dx
11538,アンバークロニクル,dx
621,ARROW,std
10536,月に叢雲華に風,dx
229,ぐるぐるWASH！コインランドリー・ディスコ,std
11634,青春コンプレックス,dx
707,フリィダム ロリィタ,std
11840,のだ,dx
669,あ・え・い・う・え・お・あお!!,std
111577,[両]はんぶんこ,utage
678,This game,std
261,Death Scythe,std
63,メランコリック,std
11666,アイディスマイル,dx
11398,Good bye, Merry-Go-Round.,dx
11023,Blows Up Everything,dx
11168,シアトリカル・ケース,dx
357,みかんのうた,std
11556,Hello, Hologram,dx
11564,リスペク風神,dx
277,Tachyon,std
11626,Ring,dx
100259,[協]ぽっぴっぽー,utage
11422,,dx
837,Altale,std
11653,ULTRA POWER,dx
11749,有明/Ariake,dx
379,Caliburne ～Story of the Legendary sword～,std
267,Ignite Infinity,std
768,Help me, あーりん！,std
799,QZKago Requiem,std
11428,BANG!,dx
10225,sweet little sister,dx
687,共感覚おばけ,std
774,甲賀忍法帖,std
782,おねがいダーリン,std
10404,響縁,dx
490,Infantoon Fantasy,std
11229,スローアライズ,dx
11146,Lunar Mare,dx
11788,Löschen,dx
740,ULTRA B+K,std
501,Daydream café,std
240,Beat of getting entangled,std
11197,劣等上等,dx
493,Imitation:Loud Lounge,std
149,SPELL MAGIC,std
693,キレキャリオン,std
444,Time To Make History (AKIRA YAMAOKA Remix),std
11330,竹,dx
11239,オーケー？　オーライ！,dx
11295,脳天直撃,dx
10625,Maxi,dx
426,蒼空に舞え、墨染の桜,std
534,Nitrous Fury,std
461,無敵We are one!!,std
100259,[協]ぽっぴっぽー,utage
301,患部で止まってすぐ溶ける～狂気の優曇華院,std
11682,Geranium,dx
11802,ワールドワイドワンダー,dx
466,Jimang Shot,std
11512,きゅうくらりん,dx
456,Glorious Crown,std
728,POP TEAM EPIC,std
508,恋愛裁判,std
11276,今、誰が為のかがり火へ,dx
283,ネトゲ廃人シュプレヒコール,std
225,sweet little sister,std
315,深海少女,std
11096,モ°ルモ°ル,dx
139,Acceleration,std
848,魔法少女になるしかねぇ,std
11393,白花の天使,dx
819,White Traveling Girl,std
204,ナイト・オブ・ナイツ,std
128,御旗のもとに,std
11577,はんぶんこ,dx
11178,ノーポイッ!,dx
11646,神威,dx
598,すーぱーぬこになりたい,std
11314,LiftOff,dx
11049,Bad Apple!! feat.nomico (REDALiCE Remix),dx
11138,Drive Your Fire,dx
1020,Technicians High,std
474,秘密の扉から会いにきて,std
628,光線チューニング,std
719,エンドマークに希望と涙を添えて,std
11216,felys -final remix-,dx
10404,響縁,std
173,サラバ、愛しき悲しみたちよ,std
10560,回レ！雪月花,std
11604,『ウソテイ』 ～一回戦せりなvsしろなvsなずな～,dx
11511,へべれけジャンキー,dx
11628,WE'RE BACK!!,dx
760,Ragnarok,std
11775,モンスターカミング,dx
11210,c.s.q.n.,dx
11456,分解収束テイル,dx
185,＊ハロー、プラネット。,std
692,ドクハク,std
658,人里に下ったアタイがいつの間にか社畜になっていた件,std
10301,患部で止まってすぐ溶ける～狂気の優曇華院,std
11097,ブレインジャックシンドローム,dx
11550,FLUFFY FLASH,dx
10190,モザイクロール,dx
220,セガサターン起動音[H.][Remix],std
11729,オシオキGIMMICK!!,dx
55,CAN'T GET BACK,std
11516,Aegleseeker,dx
789,ネ！コ！,std
242,ナミダと流星,std
10288,六兆年と一夜物語,std
739,進め！イッスン軍団 -Rebellion of the Dwarfs-,std
11158,Komplexe,dx
11707,ouroboros -twin stroke of the end-,dx
11036,U.S.A.,dx
11348,VOLTAGE,dx
10363,Oshama Scramble!,std
600,SUSHI食べたい feat.ソイソース,std
10204,ナイト・オブ・ナイツ,std
11044,メルティランドナイトメア,dx
53,美しく燃える森,std
513,だんだん早くなる,std
745,keep hopping,std
11284,CO5M1C R4ILR0AD,dx
626,相思創愛,std
11359,アカツキアライヴァル,dx
376,L9,std
486,青春はNon-Stop！,std
11594,BULK UP (GAME EXCLUSIVE EDIT),dx
11662,raputa,dx
34,Garden,std
11103,渦状銀河のシンフォニエッタ,dx
11275,ロストワードクロニカル,dx
205,全人類ノ非想天則,std
809,結ンデ開イテ羅刹ト骸,std
10375,One Step Ahead,dx
202,Grip & Break down !!,std
849,Kattobi KEIKYU Rider,std
43,愛を止めないで,std
815,L4TS:2018 (feat. あひる & KTA),std
460,閃鋼のブリューナク,std
11772,人マニア,dx
100631,[逆]KING is BACK!!,utage
246,maiム・maiム feat.週刊少年マガジン,std
100070,[即]ジングルベル,utage
487,ようかい体操第一,std
11182,MIRACLE RUSH,dx
11337,セカイはまだ始まってすらいない,dx
429,Wonderland Wars オープニング,std
11496,Destiny Runner,dx
11246,BOUNCE & DANCE,dx
11111,popcorn,dx
718,ヤバい○○,std
10188,天ノ弱,dx
10145,Starlight Disco,std
11738,YKWTD,dx
11257,ビックカメラのテーマソング,dx
77,怪盗Rのテーマ,std
11147,Saika,dx
11059,骸骨楽団とリリア,dx
11475,SUPER AMBULANCE,dx
11375,ミルキースター・シューティングスター,dx
711,拝啓ドッペルゲンガー,std
11755,美夜月鏡,dx
11633,OMAKENO Stroke,dx
325,Windy Hill -Zone 1,std
11329,イヤホンロマンス,dx
439,最終鬼畜妹・一部声,std
231,Heartbeats,std
11218,自傷無色,dx
11590,あつすぎの歌,dx
11706,tiny tales continue,dx
11327,僕は空気が嫁ない,dx
11559,魔法少女とチョコレゐト,dx
602,taboo tears you up,std
11644,story,dx
11240,サヨナラフリーウェイ,dx
641,Calamity Fortune,std
11794,オーバーライド,dx
100339,DRAGONLADY,utage
11751,Colorfull:Encounter,dx
319,幻想のサテライト,std
11001,BLACK ROSE,dx
100775,ジンギスカン,utage
11717,LOSTPHANTASIA,dx
11720,Re:Unknown X,dx
11046,アディショナルメモリー,dx
11169,ステップアンドライム,dx
11121,ビターチョコデコレーション,dx
634,GET!! 夢&DREAM,std
839,ネクロファンタジア～Arr.Demetori,std
174,創聖のアクエリオン,std
11464,Falling,dx
11752,雨露霜雪,dx
11725,ミラクルポップ☆アドベンチャー!!!!!,dx
11315,Falsum Atlantis.,dx
193,セツナトリップ,std
551,ファッとして桃源郷,std
419,ストリーミングハート,std
11726,Trust,dx
10319,幻想のサテライト,std
11389,Sage,dx
11387,星空パーティーチューン,dx
664,Moon of Noon,std
11697,ラビットホール,dx
557,Last Brave ～ Go to zero,std
58,Endless World,std
11731,シュガーホリック,dx
11784,イガク,dx
11463,RIFFRAIN,dx
11837,シカ色デイズ,dx
11287,Strange Bar,dx
10702,WARNING×WARNING×WARNING,dx
11575,僕の和風本当上手,dx
11312,ぱくぱく☆がーる,dx
11035,LOSER,dx
11796,ウルトラトレーラー,dx
11024,Agitation！,dx
11060,星屑ユートピア,dx
801,金の聖夜霜雪に朽ちて,std
399,不毛！,std
10251,Monochrome Rainbow,std
483,囲い無き世は一期の月影,std
135,Feel My Fire,std
274,RPG,std
11439,ジャンキーナイトタウンオーケストラ,dx
542,METATRON,std
11152,ぼくたちいつでも　しゅわっしゅわ！,dx
11072,Soul-ride ON!,dx
11296,とびだせ！TO THE COSMIC!!,dx
690,ダンスロボットダンス,std
100700,[協]疾走あんさんぶる,utage
10315,深海少女,dx
712,ミラクル・ショッピング,std
506,セハガガガンバッちゃう！！,std
11110,はちみつアドベンチャー,dx
11733,MUSIC PЯAYER,dx
62,檄！帝国華撃団(改),std
11761,病み垢ステロイド,dx
11323,Shooting Stars,dx
11157,Aetheric Energy,dx
11025,管弦楽組曲 第3番 ニ長調「第2曲（G線上のアリア）」BWV.1068-2,dx
100524,[協]Hand in Hand,utage
119,ソーラン☆節,std
522,Mr. Wonderland,std
303,Endless, Sleepless Night,std
702,WARNING×WARNING×WARNING,std
416,ココロオドル,std
11353,グッバイ宣言,dx
100606,[右]The wheel to the right,utage
464,Revive The Rave,std
11513,回る空うさぎ,dx
42,jelly,std
111365,[奏]アンビバレンス,utage
10021,コネクト,std
11569,魂のルフラン,dx
537,No Routine,std
11537,Straight into the lights,dx
140227,[某]Garakuta Doll Play,utage
214,awake,std
100851,犬日和。(はっぴー歌唱Ver),utage
11232,Never Give Up!,dx
906,So long,std
618,ラブチーノ,std
11744,Deicide,dx
11221,≠彡"/了→,dx
110121,[甘]スイートマジック,utage
11261,雨とペトラ,dx
11005,バーチャルダム　ネーション,dx
11445,遺伝子レベル∞スパイラル,dx
84,Catch The Future,std
10242,ナミダと流星,dx
629,Limit Break,std
100282,[撫]からくりピエロ,utage
11540,Kairos,dx
655,フラジール,std
69,BaBan!! －甘い罠－,std
11231,生命不詳,dx
118,犬日和。,std
11425,First Dance,dx
11062,徒花ネクロマンシー,dx
11790,HYP3RTRIBE,dx
405,カノン,std
11693,過去を喰らう,dx
11136,Oath Act,dx
792,ヒバナ,std
11491,Luminaria,dx
130227,[玉]Garakuta Doll Play,utage
11077,デビル☆アイドル,dx
11593,私のドッペルゲンガー,dx
11770,Ultimate taste,dx
217,Riders Of The Light,std
11016,キリキリ舞Mine,dx
47,源平大戦絵巻テーマソング,std
450,絵の上手かった友達,std
10125,千本桜,dx
776,にじよめちゃん体操第一億,std
11413,Armageddon,dx
54,ヘビーローテーション,std
11592,花となれ,dx
11740,果ての空、僕らが見た光。,dx
11568,INTERNET OVERDOSE,dx
364,D✪N’T  ST✪P  R✪CKIN’,std
384,VERTeX,std
11215,Sqlupp (Camellia's "Sqleipd*Hiytex" Remix),dx
11606,Snow Colored Score,dx
233,MYTHOS,std
11786,Empire of Winter,dx
100018,[協]Love You,utage
110579,[協]ポップミュージックは僕のもの,utage
11624,SQUAD-Phvntom-,dx
11301,華の集落、秋のお届け,dx
441,Pursuing My True Self,std
10706,シャルル,std
100220,セガサターン起動音[H.][Remix],utage
427,少女幻葬戦慄曲 ～ Necro Fantasia,std
100548,[疑]DETARAME ROCK&ROLL THEORY,utage
11560,阿修羅ちゃん,dx
11415,Dreadnought,dx
11101,GRÄNDIR,dx
477,厨病激発ボーイ,std
167,GO!!!,std
455,Counselor,std
11172,ポケットからぬりつぶせ！,dx
295,緋色のDance,std
10501,Daydream café,std
